cluster_count,silhouette_score,inertia
2,0.48175127546848784,24721.878600520064
3,0.3670123365976246,17758.3949841759
4,0.32400131916717206,14422.120613192743
5,0.26809623560623375,12873.753708630404
6,0.2731079311202036,11503.416822385214
7,0.27318259906887477,10497.61370860233
8,0.2798292383138398,9683.391595329065
