model,accuracy,precision,recall,f1_score,roc_auc
Logistic Regression,0.9617834394904459,0.9615384615384616,0.9654471544715447,0.9634888438133874,0.9907768744354111
Random Forest,0.9543524416135881,0.9553752535496958,0.9573170731707317,0.9563451776649746,0.9887353206865402
