model,mae,rmse,mape_pct,wape_pct,r2_score
Random Forest Regressor,101.5209080092884,150.46870377277477,143.52324271157906,62.21388013217853,-0.04418356979621074
Naive Previous-Day Baseline,116.00031976744187,171.7648141481848,155.14162564357596,71.0871300387278,-0.36067029426535946
Gradient Boosting Regressor,118.66834504915077,173.24607751787607,135.4905223598933,72.72214501564935,-0.38423975167007374
