model,mae,rmse,mape_pct,wape_pct,r2_score
Naive Previous-Week Baseline,410.07520000000005,526.576494186742,64.20913660996035,37.9043794268356,0.4449660879755206
Random Forest Regressor,586.7152095656304,745.1415127114105,73.53080264623964,54.23170169488674,-0.11140948707360843
Gradient Boosting Regressor,643.1985217258822,830.1127323293547,71.70044254150514,59.45260970250724,-0.3793380976170875
