risk_level,player_count,total_player_revenue,expected_revenue_at_risk,average_churn_probability,average_days_since_last_session
Critical,2287,60011.77,58564.75,0.9744960607981829,196.38128552689113
High,131,3763.31,2666.29,0.7118117710332733,126.20610687022901
Medium,168,4749.06,2115.35,0.45175661689255864,115.00595238095238
Low,2120,115377.43,1599.71,0.022360820701229755,39.95188679245283
