fold,train_accuracy,validation_accuracy,validation_precision,validation_recall,validation_f1,validation_roc_auc
1,0.9590860786397449,0.9511677282377919,0.951417004048583,0.9552845528455285,0.9533468559837728,0.9900722673893405
2,0.9569721115537848,0.9585547290116897,0.9574898785425101,0.9633401221995926,0.9604060913705583,0.9903145508033492
3,0.9580345285524569,0.9596174282678002,0.9503968253968254,0.9735772357723578,0.9618473895582329,0.9918699186991871
4,0.9585657370517928,0.9585547290116897,0.9708939708939709,0.9491869918699187,0.959917780061665,0.9917431691020696
5,0.9604249667994688,0.9479277364505845,0.9421157684630739,0.959349593495935,0.9506545820745217,0.9898011842033788
