metric,mean,standard_deviation,minimum,maximum
train_accuracy,0.9586166845194496,0.0012783130581121844,0.9569721115537848,0.9604249667994688
validation_accuracy,0.9551644701959112,0.005271641273039882,0.9479277364505845,0.9596174282678002
validation_precision,0.9544626894689927,0.010693511953674219,0.9421157684630739,0.9708939708939709
validation_recall,0.9601476992366665,0.009151069439035405,0.9491869918699187,0.9735772357723578
validation_f1,0.9572345398097502,0.004923079058947683,0.9506545820745217,0.9618473895582329
validation_roc_auc,0.9907602180394651,0.000973302320296103,0.9898011842033788,0.9918699186991871
