metric,mean,standard_deviation,minimum,maximum
train_accuracy,0.9875,0.008838834764831853,0.975,1.0
validation_accuracy,0.89,0.05477225575051658,0.8,0.95
validation_precision,0.8682284382284383,0.06187338223916669,0.7692307692307693,0.9166666666666666
validation_recall,0.9436363636363637,0.05158640348767676,0.9,1.0
validation_f1,0.9031225296442689,0.044583693453306525,0.8333333333333334,0.9565217391304348
validation_roc_auc,0.9396363636363636,0.037309363068734266,0.88,0.9797979797979798
