fold,train_accuracy,validation_accuracy,validation_precision,validation_recall,validation_f1,validation_roc_auc
1,0.9875,0.9,0.9090909090909091,0.9090909090909091,0.9090909090909091,0.9797979797979798
2,0.9875,0.9,0.8461538461538461,1.0,0.9166666666666666,0.9393939393939394
3,0.9875,0.8,0.7692307692307693,0.9090909090909091,0.8333333333333334,0.9393939393939394
4,0.975,0.95,0.9166666666666666,1.0,0.9565217391304348,0.9595959595959596
5,1.0,0.9,0.9,0.9,0.9,0.88
